url,comments
https://developer.mozilla.org/en-US/docs/Web/HTML/Element/input/file,File Input Field
https://developer.mozilla.org/en-US/docs/Web/API/FileReader,File Reader API
https://blog.nikitas.link/have-you-ever-hurt-yourself-from-your-own-code,Coding Errors
https://dreamonward.com/2019/10/22/picamera-rapid-capture-and-processing/,Pi Camera
https://www.visualcapitalist.com/terms-of-service-visualizing-the-length-of-internet-agreements/,ToS
https://aeon.co/essays/what-the-p-factor-says-about-the-root-of-all-mental-illness,Mental Health
https://nourrituresterrestres.substack.com/p/piege-focalisation-climat?fbclid=IwAR3NLPIn2tbhTM5c8PLT0br82WWAUlNcRxSyi1jUsnaW-Vy3Y2DSCc8IGe4,Comment
https://www.youtube.com/watch?v=cZdO2e8K29o,Origami
http://hccc.org.uk/retro/retro.html,Retro Computers
https://betterexplained.com/articles/an-interactive-guide-to-the-fourier-transform/,Fourier Transform
https://jvns.ca/blog/2021/05/17/how-to-look-at-the-stack-in-gdb/,Debugging
https://www.halcyonmaps.com/map-of-the-internet-2021/,Internet Map
